<?xml version="1.0" encoding="UTF-8" ?>
<NotepadPlus>
    <InternalCommands>
        <Shortcut id="43002" Ctrl="no" Alt="no" Shift="no" Key="0" />
        <Shortcut id="44011" Ctrl="yes" Alt="no" Shift="no" Key="81" />
        <Shortcut id="42022" Ctrl="yes" Alt="no" Shift="yes" Key="67" />
        <Shortcut id="41020" Ctrl="no" Alt="no" Shift="no" Key="0" />
        <Shortcut id="50000" Ctrl="no" Alt="no" Shift="no" Key="0" />
        <Shortcut id="50002" Ctrl="no" Alt="no" Shift="no" Key="0" />
        <Shortcut id="42014" Ctrl="no" Alt="yes" Shift="no" Key="38" />
        <Shortcut id="42015" Ctrl="no" Alt="yes" Shift="no" Key="40" />
        <Shortcut id="42083" Ctrl="yes" Alt="yes" Shift="yes" Key="82" />
        <Shortcut id="43048" Ctrl="yes" Alt="no" Shift="no" Key="69" />
    </InternalCommands>
    <Macros>
        <Macro name="Trim Trailing Space and Save" Ctrl="no" Alt="yes" Shift="yes" Key="83">
            <Action type="2" message="0" wParam="42024" lParam="0" sParam="" />
            <Action type="2" message="0" wParam="41006" lParam="0" sParam="" />
        </Macro>
    </Macros>
    <UserDefinedCommands>
        <Command name="Get PHP help" Ctrl="no" Alt="yes" Shift="no" Key="112">https://www.php.net/$(CURRENT_WORD)</Command>
        <Command name="Wikipedia Search" Ctrl="no" Alt="yes" Shift="no" Key="114">https://en.wikipedia.org/wiki/Special:Search?search=$(CURRENT_WORD)</Command>
        <Command name="Open selected file path in new instance" Ctrl="no" Alt="yes" Shift="no" Key="117">$(NPP_FULL_FILE_PATH) $(CURRENT_WORD) -nosession -multiInst</Command>
    </UserDefinedCommands>
    <PluginCommands>
        <PluginCommand moduleName="NppExec.dll" internalID="0" Ctrl="yes" Alt="no" Shift="yes" Key="32" />
        <PluginCommand moduleName="NppExec.dll" internalID="1" Ctrl="yes" Alt="no" Shift="no" Key="32" />
        <PluginCommand moduleName="QuickText.dll" internalID="0" Ctrl="no" Alt="no" Shift="no" Key="9" />
        <PluginCommand moduleName="QuickText.dll" internalID="6" Ctrl="no" Alt="yes" Shift="no" Key="84" />
    </PluginCommands>
    <ScintillaKeys />
</NotepadPlus>
